Workbook

Sheet خلاصه
A1: 🌸 تراکرِ فروشِ اول — زیمان
A2: اسپرینتِ ۷ روزه · هدف ۵–۱۰ سفارش از بازارِ گرم · همه زیرِ سقفِ ظرفیت
B4: شاخص | C4: مقدار
B5: کلِ مخاطبین | C5: =COUNTA('لیست بازار گرم'!B4:B1000) -> 11
B6: پیامِ ارسال‌شده | C6: =COUNTA('لیست بازار گرم'!F4:F1000) -> 1
B7: پاسخ داده | C7: =COUNTIF('لیست بازار گرم'!G4:G1000,"بله") -> 1
B8: علاقه‌مند | C8: =COUNTIF('لیست بازار گرم'!H4:H1000,"بله") -> 1
B9: سفارش‌ها | C9: =COUNTIF('لیست بازار گرم'!I4:I1000,"بله") -> 1
B10: درآمد | C10: =SUMIF('لیست بازار گرم'!I4:I1000,"بله",'لیست بازار گرم'!K4:K1000) -> 120
B11: نرخِ پاسخ | C11: =IFERROR(C6/C5,0) -> 0.090909091
B12: نرخِ تبدیل (سفارش/مخاطب) | C12: =IFERROR(C7/C5,0) -> 0.090909091
B13: PayID دریافت‌شده | C13: =COUNTIF('لیست بازار گرم'!L4:L1000,"بله") -> 1
B15: ⚙️ قیدِ ظرفیت (D4)
B16: سقفِ ظرفیت (واحد/هفته) | C16: 30
B17: وضعیت (کلِ سفارش‌ها نسبت به سقف) | C17: =IF(C9>C16,"⚠️ بالای سقف — اول ظرفیت","زیر سقف ✅") -> زیر سقف ✅

Sheet لیست بازار گرم
A1: 🌸 لیستِ بازارِ گرم — چه کسی، چه مناسبتی، چه شد
A2: [نام] را با اسمِ واقعی پر کن · هر روز وضعیت را به‌روز کن · ردیفِ «نمونه» را پاک کن
A3: # | B3: نام | C3: رابطه | D3: مناسبت | E3: کانال | F3: تاریخ ارسال | G3: پاسخ داد؟ | H3: علاقه‌مند؟ | I3: سفارش؟ | J3: محصول | K3: مبلغ (AUD) | L3: PayID دریافت؟ | M3: تحویل | N3: یادداشت
A4: =ROW()-3 -> 1 | B4: [نام ۱] | C4: دوستِ نزدیک
A5: =ROW()-3 -> 2 | B5: [نام ۲] | C5: آشنا | D5: نامزدی
A6: =ROW()-3 -> 3 | B6: [نام ۳] | C6: فامیل | D6: تولد
A7: =ROW()-3 -> 4 | B7: [نام ۴] | C7: همکار | D7: خانه‌تکونی
A8: =ROW()-3 -> 5 | B8: [نام ۵] | C8: دوست | D8: سالگرد
A9: =ROW()-3 -> 6 | B9: [نام ۶] | C9: آشنا | D9: تولد
A10: =ROW()-3 -> 7 | B10: [نام ۷] | C10: جامعهٔ سیدنی
A11: =ROW()-3 -> 8 | B11: [نام ۸] | C11: معرفیِ دوست
A12: =ROW()-3 -> 9 | B12: [نام ۹] | C12: فامیل | D12: سالگرد
A13: =ROW()-3 -> 10 | B13: [نام ۱۰] | C13: اینفلوئنسر (هدیهٔ استراتژیک)
A14: =ROW()-3 -> 11 | B14: (نمونه — پاک کن) | C14: آشنا | D14: نامزدی | E14: DM اینستاگرام | F14: 2026-07-06 | G14: بله | H14: بله | I14: بله | J14: شادوباکسِ گلِ قاب‌شده | K14: 120 | L14: بله | M14: تحویل‌شده | N14: اولین فروشِ نمونه

Sheet لاگ کانال
A1: 📊 لاگِ آزمایشِ کانال (هم‌راستا با Capacity & Channels)
A3: # | B3: کانال | C3: فرضیه | D3: هزینه (AUD) | E3: بازه | F3: سفارش‌ها | G3: verdict
A4: =ROW()-3 -> 1 | B4: DM بازارِ گرم | C4: پیامِ فردی از تبلیغِ سرد بهتر می‌بندد | D4: 0 | E4: هفتهٔ ۱
A5: =ROW()-3 -> 2 | B5: گروه‌های ایرانیانِ سیدنی | C5: دسترسیِ محلیِ ارزان | D5: 0 | E5: هفتهٔ ۱
A6: =ROW()-3 -> 3 | B6: اینستاگرام (بستنِ فروش) | C6: اعتبارسازی برای DM | D6: 0 | E6: هفتهٔ ۱
